Workbook

Sheet Weights
A1: Label | B1: Weight_W | C1: Frequency | D1: Multiplier_F | E1: Urgency | F1: Score_U | G1: Dread Level | H1: Multiplier_Dr
A2: Academic | B2: 7 | C2: Daily | D2: 4 | E2: High | F2: 4 | G2: High | H2: 2.5
A3: Financial | B3: 9 | C3: Weekly | D3: 3 | E3: Medium | F3: 3 | G3: Medium | H3: 1.75
A4: Automotive | B4: 5 | C4: Monthly | D4: 2 | E4: Low | F4: 2 | G4: Low | H4: 1.25
A5: Shopping | B5: 3 | C5: None | D5: 1 | E5: None | F5: 1 | G5: None | H5: 1
A6: Religion | B6: 5
A7: Health | B7: 10
A8: Family | B8: 8

Sheet Main
A1: Task Name | B1: Label | C1: Time (hrs) | D1: Frequency | E1: Urgency | F1: Due Date | G1: Dread | H1: W | I1: F | J1: U | K1: C | L1: D | M1: Dr | N1: TUI | O1: Rank
A2: Update Budget Sheet | B2: Financial | C2: 1.5 | D2: monthly | E2: low | G2: Medium | H2: =VLOOKUP(Table3[[#This Row],[Label]], Weights!$A$2:$B$8, 2, FALSE) -> 9 | I2: =VLOOKUP(Table3[[#This Row],[Frequency]], Weights!$C$2:$D$5, 2, FALSE) -> 2 | J2: =VLOOKUP(Table3[[#This Row],[Urgency]], Weights!$E$2:$F$5, 2, FALSE) -> 2 | K2: =MAX(Table3[[#This Row],[Time (hrs)]], 0.25) -> 1.5 | L2: =IF(ISBLANK(Table3[[#This Row],[Due Date]]), 0, IF(Table3[[#This Row],[Due Date]]-TODAY()<0, 10, IF(Table3[[#This Row],[Due Date]]-TODAY()<=1, 5, IF(Table3[[#This Row],[Due Date]]-TODAY()<=7, 3, IF(Table3[[#This Row],[Due Date]]-TODAY()<=14, 1, 0))))) -> 0 | M2: =_xlfn.IFNA(VLOOKUP(Table3[[#This Row],[Dread]], Weights!$G$2:$H$5, 2, FALSE), 1) -> 1.75 | N2: =((Table3[[#This Row],[W]]*Table3[[#This Row],[F]])*(Table3[[#This Row],[U]]+Table3[[#This Row],[D]])*Table3[[#This Row],[Dr]])/Table3[[#This Row],[C]] -> 42 | O2: =IF((MAX(Table3[TUI])-MIN(Table3[TUI]))=0, 100, 100*(Table3[[#This Row],[TUI]]-MIN(Table3[TUI]))/(MAX(Table3[TUI])-MIN(Table3[TUI]))) -> 100
A3: Oil Change | B3: Automotive | C3: 0.5 | D3: none | E3: medium | F3: 45988 | G3: Low | H3: =VLOOKUP(Table3[[#This Row],[Label]], Weights!$A$2:$B$8, 2, FALSE) -> 5 | I3: =VLOOKUP(Table3[[#This Row],[Frequency]], Weights!$C$2:$D$5, 2, FALSE) -> 1 | J3: =VLOOKUP(Table3[[#This Row],[Urgency]], Weights!$E$2:$F$5, 2, FALSE) -> 3 | K3: =MAX(Table3[[#This Row],[Time (hrs)]], 0.25) -> 0.5 | L3: =IF(ISBLANK(Table3[[#This Row],[Due Date]]), 0, IF(Table3[[#This Row],[Due Date]]-TODAY()<0, 10, IF(Table3[[#This Row],[Due Date]]-TODAY()<=1, 5, IF(Table3[[#This Row],[Due Date]]-TODAY()<=7, 3, IF(Table3[[#This Row],[Due Date]]-TODAY()<=14, 1, 0))))) -> 0 | M3: =_xlfn.IFNA(VLOOKUP(Table3[[#This Row],[Dread]], Weights!$G$2:$H$5, 2, FALSE), 1) -> 1.25 | N3: =((Table3[[#This Row],[W]]*Table3[[#This Row],[F]])*(Table3[[#This Row],[U]]+Table3[[#This Row],[D]])*Table3[[#This Row],[Dr]])/Table3[[#This Row],[C]] -> 37.5 | O3: =IF((MAX(Table3[TUI])-MIN(Table3[TUI]))=0, 100, 100*(Table3[[#This Row],[TUI]]-MIN(Table3[TUI]))/(MAX(Table3[TUI])-MIN(Table3[TUI]))) -> 88.131868
A4: Medical History | B4: Health | C4: 2 | D4: none | E4: medium | G4: Low | H4: =VLOOKUP(Table3[[#This Row],[Label]], Weights!$A$2:$B$8, 2, FALSE) -> 10 | I4: =VLOOKUP(Table3[[#This Row],[Frequency]], Weights!$C$2:$D$5, 2, FALSE) -> 1 | J4: =VLOOKUP(Table3[[#This Row],[Urgency]], Weights!$E$2:$F$5, 2, FALSE) -> 3 | K4: =MAX(Table3[[#This Row],[Time (hrs)]], 0.25) -> 2 | L4: =IF(ISBLANK(Table3[[#This Row],[Due Date]]), 0, IF(Table3[[#This Row],[Due Date]]-TODAY()<0, 10, IF(Table3[[#This Row],[Due Date]]-TODAY()<=1, 5, IF(Table3[[#This Row],[Due Date]]-TODAY()<=7, 3, IF(Table3[[#This Row],[Due Date]]-TODAY()<=14, 1, 0))))) -> 0 | M4: =_xlfn.IFNA(VLOOKUP(Table3[[#This Row],[Dread]], Weights!$G$2:$H$5, 2, FALSE), 1) -> 1.25 | N4: =((Table3[[#This Row],[W]]*Table3[[#This Row],[F]])*(Table3[[#This Row],[U]]+Table3[[#This Row],[D]])*Table3[[#This Row],[Dr]])/Table3[[#This Row],[C]] -> 18.75 | O4: =IF((MAX(Table3[TUI])-MIN(Table3[TUI]))=0, 100, 100*(Table3[[#This Row],[TUI]]-MIN(Table3[TUI]))/(MAX(Table3[TUI])-MIN(Table3[TUI]))) -> 38.681319
A5: Organize Receipts | B5: Financial | C5: 2.5 | D5: none | E5: low | G5: High | H5: =VLOOKUP(Table3[[#This Row],[Label]], Weights!$A$2:$B$8, 2, FALSE) -> 9 | I5: =VLOOKUP(Table3[[#This Row],[Frequency]], Weights!$C$2:$D$5, 2, FALSE) -> 1 | J5: =VLOOKUP(Table3[[#This Row],[Urgency]], Weights!$E$2:$F$5, 2, FALSE) -> 2 | K5: =MAX(Table3[[#This Row],[Time (hrs)]], 0.25) -> 2.5 | L5: =IF(ISBLANK(Table3[[#This Row],[Due Date]]), 0, IF(Table3[[#This Row],[Due Date]]-TODAY()<0, 10, IF(Table3[[#This Row],[Due Date]]-TODAY()<=1, 5, IF(Table3[[#This Row],[Due Date]]-TODAY()<=7, 3, IF(Table3[[#This Row],[Due Date]]-TODAY()<=14, 1, 0))))) -> 0 | M5: =_xlfn.IFNA(VLOOKUP(Table3[[#This Row],[Dread]], Weights!$G$2:$H$5, 2, FALSE), 1) -> 2.5 | N5: =((Table3[[#This Row],[W]]*Table3[[#This Row],[F]])*(Table3[[#This Row],[U]]+Table3[[#This Row],[D]])*Table3[[#This Row],[Dr]])/Table3[[#This Row],[C]] -> 18 | O5: =IF((MAX(Table3[TUI])-MIN(Table3[TUI]))=0, 100, 100*(Table3[[#This Row],[TUI]]-MIN(Table3[TUI]))/(MAX(Table3[TUI])-MIN(Table3[TUI]))) -> 36.703297
A6: Game Theory for Tasks | B6: Academic | C6: 2 | D6: none | E6: high | G6: Low | H6: =VLOOKUP(Table3[[#This Row],[Label]], Weights!$A$2:$B$8, 2, FALSE) -> 7 | I6: =VLOOKUP(Table3[[#This Row],[Frequency]], Weights!$C$2:$D$5, 2, FALSE) -> 1 | J6: =VLOOKUP(Table3[[#This Row],[Urgency]], Weights!$E$2:$F$5, 2, FALSE) -> 4 | K6: =MAX(Table3[[#This Row],[Time (hrs)]], 0.25) -> 2 | L6: =IF(ISBLANK(Table3[[#This Row],[Due Date]]), 0, IF(Table3[[#This Row],[Due Date]]-TODAY()<0, 10, IF(Table3[[#This Row],[Due Date]]-TODAY()<=1, 5, IF(Table3[[#This Row],[Due Date]]-TODAY()<=7, 3, IF(Table3[[#This Row],[Due Date]]-TODAY()<=14, 1, 0))))) -> 0 | M6: =_xlfn.IFNA(VLOOKUP(Table3[[#This Row],[Dread]], Weights!$G$2:$H$5, 2, FALSE), 1) -> 1.25 | N6: =((Table3[[#This Row],[W]]*Table3[[#This Row],[F]])*(Table3[[#This Row],[U]]+Table3[[#This Row],[D]])*Table3[[#This Row],[Dr]])/Table3[[#This Row],[C]] -> 17.5 | O6: =IF((MAX(Table3[TUI])-MIN(Table3[TUI]))=0, 100, 100*(Table3[[#This Row],[TUI]]-MIN(Table3[TUI]))/(MAX(Table3[TUI])-MIN(Table3[TUI]))) -> 35.384615
A7: Birthday List | B7: Family | C7: 3 | D7: none | E7: low | G7: Medium | H7: =VLOOKUP(Table3[[#This Row],[Label]], Weights!$A$2:$B$8, 2, FALSE) -> 8 | I7: =VLOOKUP(Table3[[#This Row],[Frequency]], Weights!$C$2:$D$5, 2, FALSE) -> 1 | J7: =VLOOKUP(Table3[[#This Row],[Urgency]], Weights!$E$2:$F$5, 2, FALSE) -> 2 | K7: =MAX(Table3[[#This Row],[Time (hrs)]], 0.25) -> 3 | L7: =IF(ISBLANK(Table3[[#This Row],[Due Date]]), 0, IF(Table3[[#This Row],[Due Date]]-TODAY()<0, 10, IF(Table3[[#This Row],[Due Date]]-TODAY()<=1, 5, IF(Table3[[#This Row],[Due Date]]-TODAY()<=7, 3, IF(Table3[[#This Row],[Due Date]]-TODAY()<=14, 1, 0))))) -> 0 | M7: =_xlfn.IFNA(VLOOKUP(Table3[[#This Row],[Dread]], Weights!$G$2:$H$5, 2, FALSE), 1) -> 1.75 | N7: =((Table3[[#This Row],[W]]*Table3[[#This Row],[F]])*(Table3[[#This Row],[U]]+Table3[[#This Row],[D]])*Table3[[#This Row],[Dr]])/Table3[[#This Row],[C]] -> 9.3333333 | O7: =IF((MAX(Table3[TUI])-MIN(Table3[TUI]))=0, 100, 100*(Table3[[#This Row],[TUI]]-MIN(Table3[TUI]))/(MAX(Table3[TUI])-MIN(Table3[TUI]))) -> 13.846154
A8: Christmas Decorations | B8: Family | C8: 2.5 | D8: none | E8: low | G8: Low | H8: =VLOOKUP(Table3[[#This Row],[Label]], Weights!$A$2:$B$8, 2, FALSE) -> 8 | I8: =VLOOKUP(Table3[[#This Row],[Frequency]], Weights!$C$2:$D$5, 2, FALSE) -> 1 | J8: =VLOOKUP(Table3[[#This Row],[Urgency]], Weights!$E$2:$F$5, 2, FALSE) -> 2 | K8: =MAX(Table3[[#This Row],[Time (hrs)]], 0.25) -> 2.5 | L8: =IF(ISBLANK(Table3[[#This Row],[Due Date]]), 0, IF(Table3[[#This Row],[Due Date]]-TODAY()<0, 10, IF(Table3[[#This Row],[Due Date]]-TODAY()<=1, 5, IF(Table3[[#This Row],[Due Date]]-TODAY()<=7, 3, IF(Table3[[#This Row],[Due Date]]-TODAY()<=14, 1, 0))))) -> 0 | M8: =_xlfn.IFNA(VLOOKUP(Table3[[#This Row],[Dread]], Weights!$G$2:$H$5, 2, FALSE), 1) -> 1.25 | N8: =((Table3[[#This Row],[W]]*Table3[[#This Row],[F]])*(Table3[[#This Row],[U]]+Table3[[#This Row],[D]])*Table3[[#This Row],[Dr]])/Table3[[#This Row],[C]] -> 8 | O8: =IF((MAX(Table3[TUI])-MIN(Table3[TUI]))=0, 100, 100*(Table3[[#This Row],[TUI]]-MIN(Table3[TUI]))/(MAX(Table3[TUI])-MIN(Table3[TUI]))) -> 10.32967
A9: Amazon Orders | B9: Shopping | C9: 1 | D9: none | E9: low | G9: low | H9: =VLOOKUP(Table3[[#This Row],[Label]], Weights!$A$2:$B$8, 2, FALSE) -> 3 | I9: =VLOOKUP(Table3[[#This Row],[Frequency]], Weights!$C$2:$D$5, 2, FALSE) -> 1 | J9: =VLOOKUP(Table3[[#This Row],[Urgency]], Weights!$E$2:$F$5, 2, FALSE) -> 2 | K9: =MAX(Table3[[#This Row],[Time (hrs)]], 0.25) -> 1 | L9: =IF(ISBLANK(Table3[[#This Row],[Due Date]]), 0, IF(Table3[[#This Row],[Due Date]]-TODAY()<0, 10, IF(Table3[[#This Row],[Due Date]]-TODAY()<=1, 5, IF(Table3[[#This Row],[Due Date]]-TODAY()<=7, 3, IF(Table3[[#This Row],[Due Date]]-TODAY()<=14, 1, 0))))) -> 0 | M9: =_xlfn.IFNA(VLOOKUP(Table3[[#This Row],[Dread]], Weights!$G$2:$H$5, 2, FALSE), 1) -> 1.25 | N9: =((Table3[[#This Row],[W]]*Table3[[#This Row],[F]])*(Table3[[#This Row],[U]]+Table3[[#This Row],[D]])*Table3[[#This Row],[Dr]])/Table3[[#This Row],[C]] -> 7.5 | O9: =IF((MAX(Table3[TUI])-MIN(Table3[TUI]))=0, 100, 100*(Table3[[#This Row],[TUI]]-MIN(Table3[TUI]))/(MAX(Table3[TUI])-MIN(Table3[TUI]))) -> 9.010989
A10: Latin Prayers | B10: Religion | C10: 2 | D10: none | E10: low | G10: low | H10: =VLOOKUP(Table3[[#This Row],[Label]], Weights!$A$2:$B$8, 2, FALSE) -> 5 | I10: =VLOOKUP(Table3[[#This Row],[Frequency]], Weights!$C$2:$D$5, 2, FALSE) -> 1 | J10: =VLOOKUP(Table3[[#This Row],[Urgency]], Weights!$E$2:$F$5, 2, FALSE) -> 2 | K10: =MAX(Table3[[#This Row],[Time (hrs)]], 0.25) -> 2 | L10: =IF(ISBLANK(Table3[[#This Row],[Due Date]]), 0, IF(Table3[[#This Row],[Due Date]]-TODAY()<0, 10, IF(Table3[[#This Row],[Due Date]]-TODAY()<=1, 5, IF(Table3[[#This Row],[Due Date]]-TODAY()<=7, 3, IF(Table3[[#This Row],[Due Date]]-TODAY()<=14, 1, 0))))) -> 0 | M10: =_xlfn.IFNA(VLOOKUP(Table3[[#This Row],[Dread]], Weights!$G$2:$H$5, 2, FALSE), 1) -> 1.25 | N10: =((Table3[[#This Row],[W]]*Table3[[#This Row],[F]])*(Table3[[#This Row],[U]]+Table3[[#This Row],[D]])*Table3[[#This Row],[Dr]])/Table3[[#This Row],[C]] -> 6.25 | O10: =IF((MAX(Table3[TUI])-MIN(Table3[TUI]))=0, 100, 100*(Table3[[#This Row],[TUI]]-MIN(Table3[TUI]))/(MAX(Table3[TUI])-MIN(Table3[TUI]))) -> 5.7142857
A11: PhD Research | B11: Academic | C11: 4 | D11: none | E11: low | G11: medium | H11: =VLOOKUP(Table3[[#This Row],[Label]], Weights!$A$2:$B$8, 2, FALSE) -> 7 | I11: =VLOOKUP(Table3[[#This Row],[Frequency]], Weights!$C$2:$D$5, 2, FALSE) -> 1 | J11: =VLOOKUP(Table3[[#This Row],[Urgency]], Weights!$E$2:$F$5, 2, FALSE) -> 2 | K11: =MAX(Table3[[#This Row],[Time (hrs)]], 0.25) -> 4 | L11: =IF(ISBLANK(Table3[[#This Row],[Due Date]]), 0, IF(Table3[[#This Row],[Due Date]]-TODAY()<0, 10, IF(Table3[[#This Row],[Due Date]]-TODAY()<=1, 5, IF(Table3[[#This Row],[Due Date]]-TODAY()<=7, 3, IF(Table3[[#This Row],[Due Date]]-TODAY()<=14, 1, 0))))) -> 0 | M11: =_xlfn.IFNA(VLOOKUP(Table3[[#This Row],[Dread]], Weights!$G$2:$H$5, 2, FALSE), 1) -> 1.75 | N11: =((Table3[[#This Row],[W]]*Table3[[#This Row],[F]])*(Table3[[#This Row],[U]]+Table3[[#This Row],[D]])*Table3[[#This Row],[Dr]])/Table3[[#This Row],[C]] -> 6.125 | O11: =IF((MAX(Table3[TUI])-MIN(Table3[TUI]))=0, 100, 100*(Table3[[#This Row],[TUI]]-MIN(Table3[TUI]))/(MAX(Table3[TUI])-MIN(Table3[TUI]))) -> 5.3846154
A12: YouTube Channel | B12: Academic | C12: 4 | D12: none | E12: low | G12: Medium | H12: =VLOOKUP(Table3[[#This Row],[Label]], Weights!$A$2:$B$8, 2, FALSE) -> 7 | I12: =VLOOKUP(Table3[[#This Row],[Frequency]], Weights!$C$2:$D$5, 2, FALSE) -> 1 | J12: =VLOOKUP(Table3[[#This Row],[Urgency]], Weights!$E$2:$F$5, 2, FALSE) -> 2 | K12: =MAX(Table3[[#This Row],[Time (hrs)]], 0.25) -> 4 | L12: =IF(ISBLANK(Table3[[#This Row],[Due Date]]), 0, IF(Table3[[#This Row],[Due Date]]-TODAY()<0, 10, IF(Table3[[#This Row],[Due Date]]-TODAY()<=1, 5, IF(Table3[[#This Row],[Due Date]]-TODAY()<=7, 3, IF(Table3[[#This Row],[Due Date]]-TODAY()<=14, 1, 0))))) -> 0 | M12: =_xlfn.IFNA(VLOOKUP(Table3[[#This Row],[Dread]], Weights!$G$2:$H$5, 2, FALSE), 1) -> 1.75 | N12: =((Table3[[#This Row],[W]]*Table3[[#This Row],[F]])*(Table3[[#This Row],[U]]+Table3[[#This Row],[D]])*Table3[[#This Row],[Dr]])/Table3[[#This Row],[C]] -> 6.125 | O12: =IF((MAX(Table3[TUI])-MIN(Table3[TUI]))=0, 100, 100*(Table3[[#This Row],[TUI]]-MIN(Table3[TUI]))/(MAX(Table3[TUI])-MIN(Table3[TUI]))) -> 5.3846154
A13: Develop Space Photos | B13: Academic | C13: 3 | D13: none | E13: low | G13: low | H13: =VLOOKUP(Table3[[#This Row],[Label]], Weights!$A$2:$B$8, 2, FALSE) -> 7 | I13: =VLOOKUP(Table3[[#This Row],[Frequency]], Weights!$C$2:$D$5, 2, FALSE) -> 1 | J13: =VLOOKUP(Table3[[#This Row],[Urgency]], Weights!$E$2:$F$5, 2, FALSE) -> 2 | K13: =MAX(Table3[[#This Row],[Time (hrs)]], 0.25) -> 3 | L13: =IF(ISBLANK(Table3[[#This Row],[Due Date]]), 0, IF(Table3[[#This Row],[Due Date]]-TODAY()<0, 10, IF(Table3[[#This Row],[Due Date]]-TODAY()<=1, 5, IF(Table3[[#This Row],[Due Date]]-TODAY()<=7, 3, IF(Table3[[#This Row],[Due Date]]-TODAY()<=14, 1, 0))))) -> 0 | M13: =_xlfn.IFNA(VLOOKUP(Table3[[#This Row],[Dread]], Weights!$G$2:$H$5, 2, FALSE), 1) -> 1.25 | N13: =((Table3[[#This Row],[W]]*Table3[[#This Row],[F]])*(Table3[[#This Row],[U]]+Table3[[#This Row],[D]])*Table3[[#This Row],[Dr]])/Table3[[#This Row],[C]] -> 5.8333333 | O13: =IF((MAX(Table3[TUI])-MIN(Table3[TUI]))=0, 100, 100*(Table3[[#This Row],[TUI]]-MIN(Table3[TUI]))/(MAX(Table3[TUI])-MIN(Table3[TUI]))) -> 4.6153846
A14: Publication | B14: Academic | C14: 6 | D14: none | E14: low | G14: Medium | H14: =VLOOKUP(Table3[[#This Row],[Label]], Weights!$A$2:$B$8, 2, FALSE) -> 7 | I14: =VLOOKUP(Table3[[#This Row],[Frequency]], Weights!$C$2:$D$5, 2, FALSE) -> 1 | J14: =VLOOKUP(Table3[[#This Row],[Urgency]], Weights!$E$2:$F$5, 2, FALSE) -> 2 | K14: =MAX(Table3[[#This Row],[Time (hrs)]], 0.25) -> 6 | L14: =IF(ISBLANK(Table3[[#This Row],[Due Date]]), 0, IF(Table3[[#This Row],[Due Date]]-TODAY()<0, 10, IF(Table3[[#This Row],[Due Date]]-TODAY()<=1, 5, IF(Table3[[#This Row],[Due Date]]-TODAY()<=7, 3, IF(Table3[[#This Row],[Due Date]]-TODAY()<=14, 1, 0))))) -> 0 | M14: =_xlfn.IFNA(VLOOKUP(Table3[[#This Row],[Dread]], Weights!$G$2:$H$5, 2, FALSE), 1) -> 1.75 | N14: =((Table3[[#This Row],[W]]*Table3[[#This Row],[F]])*(Table3[[#This Row],[U]]+Table3[[#This Row],[D]])*Table3[[#This Row],[Dr]])/Table3[[#This Row],[C]] -> 4.0833333 | O14: =IF((MAX(Table3[TUI])-MIN(Table3[TUI]))=0, 100, 100*(Table3[[#This Row],[TUI]]-MIN(Table3[TUI]))/(MAX(Table3[TUI])-MIN(Table3[TUI]))) -> 0
